챕터,회차,에피소드,게시일,URL
본편 — 무직전생 ~이세계에 가서 진심으로 해보겠습니다~ / 제1장 유아기 (제1~11화),프롤로그,프롤로그,2012/11/22 17:00,https://ncode.syosetu.com/n9669bk/1/
본편 — 무직전생 ~이세계에 가서 진심으로 해보겠습니다~ / 제1장 유아기 (제1~11화),제1화,「설마: 이세계」,2012/11/22 18:15,https://ncode.syosetu.com/n9669bk/2/
본편 — 무직전생 ~이세계에 가서 진심으로 해보겠습니다~ / 제1장 유아기 (제1~11화),제2화,「얼빠는 메이드씨」,2012/11/24 02:42,https://ncode.syosetu.com/n9669bk/3/
본편 — 무직전생 ~이세계에 가서 진심으로 해보겠습니다~ / 제1장 유아기 (제1~11화),제3화,「마술교본」,2012/11/24 17:02,https://ncode.syosetu.com/n9669bk/4/
본편 — 무직전생 ~이세계에 가서 진심으로 해보겠습니다~ / 제1장 유아기 (제1~11화),제4화,「스승」,2012/11/25 19:49,https://ncode.syosetu.com/n9669bk/5/
본편 — 무직전생 ~이세계에 가서 진심으로 해보겠습니다~ / 제1장 유아기 (제1~11화),제5화,「검술과 마술」,2012/11/26 17:32,https://ncode.syosetu.com/n9669bk/6/
본편 — 무직전생 ~이세계에 가서 진심으로 해보겠습니다~ / 제1장 유아기 (제1~11화),제6화,「존경의 이유」,2012/11/27 15:26,https://ncode.syosetu.com/n9669bk/7/
본편 — 무직전생 ~이세계에 가서 진심으로 해보겠습니다~ / 제1장 유아기 (제1~11화),제7화,「친구」,2012/11/28 16:50,https://ncode.syosetu.com/n9669bk/8/
본편 — 무직전생 ~이세계에 가서 진심으로 해보겠습니다~ / 제1장 유아기 (제1~11화),제8화,「둔감」,2012/11/29 16:07,https://ncode.syosetu.com/n9669bk/9/
본편 — 무직전생 ~이세계에 가서 진심으로 해보겠습니다~ / 제1장 유아기 (제1~11화),제9화,「긴급 가족회의」,2012/11/30 14:07,https://ncode.syosetu.com/n9669bk/10/
본편 — 무직전생 ~이세계에 가서 진심으로 해보겠습니다~ / 제1장 유아기 (제1~11화),제10화,「정체기」,2012/12/01 16:59,https://ncode.syosetu.com/n9669bk/11/
본편 — 무직전생 ~이세계에 가서 진심으로 해보겠습니다~ / 제1장 유아기 (제1~11화),제11화,「이별」,2012/12/02 14:32,https://ncode.syosetu.com/n9669bk/12/
본편 — 무직전생 ~이세계에 가서 진심으로 해보겠습니다~ / 제2장 소년기 · 가정교사 편,제12화,「아가씨의 폭력」,2012/12/09 01:00,https://ncode.syosetu.com/n9669bk/13/
본편 — 무직전생 ~이세계에 가서 진심으로 해보겠습니다~ / 제2장 소년기 · 가정교사 편,제13화,「자작자연?」,2012/12/09 09:37,https://ncode.syosetu.com/n9669bk/14/
본편 — 무직전생 ~이세계에 가서 진심으로 해보겠습니다~ / 제2장 소년기 · 가정교사 편,간화,「뒷이야기와 보레아스류 인사법」,2012/12/10 10:00,https://ncode.syosetu.com/n9669bk/15/
본편 — 무직전생 ~이세계에 가서 진심으로 해보겠습니다~ / 제2장 소년기 · 가정교사 편,제14화,"「난폭함, 아직 식지 않았다」",2012/12/10 10:00,https://ncode.syosetu.com/n9669bk/16/
본편 — 무직전생 ~이세계에 가서 진심으로 해보겠습니다~ / 제2장 소년기 · 가정교사 편,제15화,「직원회의와 일요일」,2012/12/11 10:59,https://ncode.syosetu.com/n9669bk/17/
본편 — 무직전생 ~이세계에 가서 진심으로 해보겠습니다~ / 제2장 소년기 · 가정교사 편,제16화,「아가씨는 열 살」,2012/12/12 10:56,https://ncode.syosetu.com/n9669bk/18/
본편 — 무직전생 ~이세계에 가서 진심으로 해보겠습니다~ / 제2장 소년기 · 가정교사 편,제17화,「언어 학습」,2012/12/13 15:00,https://ncode.syosetu.com/n9669bk/19/
본편 — 무직전생 ~이세계에 가서 진심으로 해보겠습니다~ / 제2장 소년기 · 가정교사 편,제18화,「확약」,2012/12/14 15:00,https://ncode.syosetu.com/n9669bk/20/
본편 — 무직전생 ~이세계에 가서 진심으로 해보겠습니다~ / 제2장 소년기 · 가정교사 편,제19화,「터닝포인트」,2012/12/15 17:00,https://ncode.syosetu.com/n9669bk/21/
본편 — 무직전생 ~이세계에 가서 진심으로 해보겠습니다~ / 제2장 소년기 · 가정교사 편,간화,「피트아령 소멸로부터 반년 후」,2012/12/16 15:00,https://ncode.syosetu.com/n9669bk/22/
본편 — 무직전생 ~이세계에 가서 진심으로 해보겠습니다~ / 제3장 소년기 · 모험자 입문 편,제20화,「신을 사칭하는 사기꾼」,2012/12/23 12:13,https://ncode.syosetu.com/n9669bk/23/
본편 — 무직전생 ~이세계에 가서 진심으로 해보겠습니다~ / 제3장 소년기 · 모험자 입문 편,제21화,「스페르드족」,2012/12/24 11:21,https://ncode.syosetu.com/n9669bk/24/
본편 — 무직전생 ~이세계에 가서 진심으로 해보겠습니다~ / 제3장 소년기 · 모험자 입문 편,제22화,「스승의 비밀」,2012/12/25 11:32,https://ncode.syosetu.com/n9669bk/25/
본편 — 무직전생 ~이세계에 가서 진심으로 해보겠습니다~ / 제3장 소년기 · 모험자 입문 편,제23화,「신뢰의 이유」,2012/12/26 11:11,https://ncode.syosetu.com/n9669bk/26/
본편 — 무직전생 ~이세계에 가서 진심으로 해보겠습니다~ / 제3장 소년기 · 모험자 입문 편,제24화,「가까운 마을까지 사흘」,2012/12/27 11:31,https://ncode.syosetu.com/n9669bk/27/
본편 — 무직전생 ~이세계에 가서 진심으로 해보겠습니다~ / 제3장 소년기 · 모험자 입문 편,제25화,「침입과 변장」,2012/12/28 12:51,https://ncode.syosetu.com/n9669bk/28/
본편 — 무직전생 ~이세계에 가서 진심으로 해보겠습니다~ / 제3장 소년기 · 모험자 입문 편,제26화,「모험자 길드」,2012/12/29 16:27,https://ncode.syosetu.com/n9669bk/29/
본편 — 무직전생 ~이세계에 가서 진심으로 해보겠습니다~ / 제3장 소년기 · 모험자 입문 편,제27화,「모험자의 여인숙」,2012/12/30 20:37,https://ncode.syosetu.com/n9669bk/30/
본편 — 무직전생 ~이세계에 가서 진심으로 해보겠습니다~ / 제3장 소년기 · 모험자 입문 편,제28화,「사람의 목숨과 첫 의뢰」,2013/01/03 21:07,https://ncode.syosetu.com/n9669bk/31/
본편 — 무직전생 ~이세계에 가서 진심으로 해보겠습니다~ / 제3장 소년기 · 모험자 입문 편,제29화,「첫 의뢰 종료」,2013/01/04 21:03,https://ncode.syosetu.com/n9669bk/32/
본편 — 무직전생 ~이세계에 가서 진심으로 해보겠습니다~ / 제3장 소년기 · 모험자 입문 편,제30화,「순조로운 출발」,2013/01/05 16:56,https://ncode.syosetu.com/n9669bk/33/
본편 — 무직전생 ~이세계에 가서 진심으로 해보겠습니다~ / 제3장 소년기 · 모험자 입문 편,제31화,「아이와 전사」,2013/01/06 15:34,https://ncode.syosetu.com/n9669bk/34/
본편 — 무직전생 ~이세계에 가서 진심으로 해보겠습니다~ / 제3장 소년기 · 모험자 입문 편,제32화,「실패와 혼란과 결의」,2013/01/07 13:19,https://ncode.syosetu.com/n9669bk/35/
본편 — 무직전생 ~이세계에 가서 진심으로 해보겠습니다~ / 제3장 소년기 · 모험자 입문 편,제33화,「여행의 시작」,2013/01/08 20:51,https://ncode.syosetu.com/n9669bk/36/
본편 — 무직전생 ~이세계에 가서 진심으로 해보겠습니다~ / 제3장 소년기 · 모험자 입문 편,세계지도,,2013/01/14 16:59,https://ncode.syosetu.com/n9669bk/37/
본편 — 무직전생 ~이세계에 가서 진심으로 해보겠습니다~ / 제4장 소년기 · 항해 편,제34화,「웬포트」,2013/01/14 15:04,https://ncode.syosetu.com/n9669bk/38/
본편 — 무직전생 ~이세계에 가서 진심으로 해보겠습니다~ / 제4장 소년기 · 항해 편,제35화,「엇갈림 · 전반」,2013/01/15 12:11,https://ncode.syosetu.com/n9669bk/39/
본편 — 무직전생 ~이세계에 가서 진심으로 해보겠습니다~ / 제4장 소년기 · 항해 편,제36화,「엇갈림 · 후반」,2013/01/16 14:06,https://ncode.syosetu.com/n9669bk/40/
본편 — 무직전생 ~이세계에 가서 진심으로 해보겠습니다~ / 제4장 소년기 · 항해 편,간화,「엇갈림 · 번외편」,2013/01/17 13:01,https://ncode.syosetu.com/n9669bk/41/
본편 — 무직전생 ~이세계에 가서 진심으로 해보겠습니다~ / 제4장 소년기 · 항해 편,제37화,「배 안의 현자」,2013/01/18 17:50,https://ncode.syosetu.com/n9669bk/42/
본편 — 무직전생 ~이세계에 가서 진심으로 해보겠습니다~ / 제4장 소년기 · 항해 편,제38화,「창고 안의 악마」,2013/01/19 21:34,https://ncode.syosetu.com/n9669bk/43/
본편 — 무직전생 ~이세계에 가서 진심으로 해보겠습니다~ / 제4장 소년기 · 항해 편,제39화,「수족의 아이들」,2013/01/20 16:25,https://ncode.syosetu.com/n9669bk/44/
본편 — 무직전생 ~이세계에 가서 진심으로 해보겠습니다~ / 제4장 소년기 · 항해 편,제40화,「무료 아파트」,2013/01/21 12:32,https://ncode.syosetu.com/n9669bk/45/
본편 — 무직전생 ~이세계에 가서 진심으로 해보겠습니다~ / 제4장 소년기 · 항해 편,제41화,「도르디아 마을의 슬로우라이프 · 전반」,2013/01/22 12:42,https://ncode.syosetu.com/n9669bk/46/
본편 — 무직전생 ~이세계에 가서 진심으로 해보겠습니다~ / 제4장 소년기 · 항해 편,제42화,「도르디아 마을의 슬로우라이프 · 후반」,2013/01/23 16:34,https://ncode.syosetu.com/n9669bk/47/
본편 — 무직전생 ~이세계에 가서 진심으로 해보겠습니다~ / 제4장 소년기 · 항해 편,제43화,「성검가도(聖劍街道)」,2013/01/24 14:56,https://ncode.syosetu.com/n9669bk/48/
본편 — 무직전생 ~이세계에 가서 진심으로 해보겠습니다~ / 제5장 소년기 · 재회 편,제44화,「미리스 신성국」,2013/02/07 13:06,https://ncode.syosetu.com/n9669bk/49/
본편 — 무직전생 ~이세계에 가서 진심으로 해보겠습니다~ / 제5장 소년기 · 재회 편,제45화,「1년 반의 파울로」,2013/02/08 11:41,https://ncode.syosetu.com/n9669bk/50/
본편 — 무직전생 ~이세계에 가서 진심으로 해보겠습니다~ / 제5장 소년기 · 재회 편,제46화,「부자싸움」,2013/02/10 00:06,https://ncode.syosetu.com/n9669bk/51/
본편 — 무직전생 ~이세계에 가서 진심으로 해보겠습니다~ / 제5장 소년기 · 재회 편,제47화,「파울로와의 재회」,2013/02/11 01:17,https://ncode.syosetu.com/n9669bk/52/
본편 — 무직전생 ~이세계에 가서 진심으로 해보겠습니다~ / 제5장 소년기 · 재회 편,제48화,「방침 재확인」,2013/02/12 12:23,https://ncode.syosetu.com/n9669bk/53/
본편 — 무직전생 ~이세계에 가서 진심으로 해보겠습니다~ / 제5장 소년기 · 재회 편,제49화,「밀리시온에서의 일주일」,2013/02/13 22:41,https://ncode.syosetu.com/n9669bk/54/
본편 — 무직전생 ~이세계에 가서 진심으로 해보겠습니다~ / 제5장 소년기 · 재회 편,간화,「에리스의 고블린 토벌」,2013/02/14 15:28,https://ncode.syosetu.com/n9669bk/55/
본편 — 무직전생 ~이세계에 가서 진심으로 해보겠습니다~ / 제5장 소년기 · 재회 편,제50화,「중앙대륙으로」,2013/02/15 22:04,https://ncode.syosetu.com/n9669bk/56/
본편 — 무직전생 ~이세계에 가서 진심으로 해보겠습니다~ / 제5장 소년기 · 재회 편,간화,「록시의 귀환」,2013/02/17 14:25,https://ncode.syosetu.com/n9669bk/57/
본편 — 무직전생 ~이세계에 가서 진심으로 해보겠습니다~ / 제6장 소년기 · 귀향 편,제51화,「경로 선택」,2013/03/16 18:01,https://ncode.syosetu.com/n9669bk/58/
본편 — 무직전생 ~이세계에 가서 진심으로 해보겠습니다~ / 제6장 소년기 · 귀향 편,제52화,「쌀」,2013/03/17 19:00,https://ncode.syosetu.com/n9669bk/59/
본편 — 무직전생 ~이세계에 가서 진심으로 해보겠습니다~ / 제6장 소년기 · 귀향 편,제53화,「시론 왕국」,2013/03/18 19:00,https://ncode.syosetu.com/n9669bk/60/
본편 — 무직전생 ~이세계에 가서 진심으로 해보겠습니다~ / 제6장 소년기 · 귀향 편,제54화,「신의 부재」,2013/03/19 19:00,https://ncode.syosetu.com/n9669bk/61/
본편 — 무직전생 ~이세계에 가서 진심으로 해보겠습니다~ / 제6장 소년기 · 귀향 편,제55화,「제3왕자」,2013/03/20 19:00,https://ncode.syosetu.com/n9669bk/62/
본편 — 무직전생 ~이세계에 가서 진심으로 해보겠습니다~ / 제6장 소년기 · 귀향 편,제56화,「신속 해결」,2013/03/21 19:00,https://ncode.syosetu.com/n9669bk/63/
본편 — 무직전생 ~이세계에 가서 진심으로 해보겠습니다~ / 제6장 소년기 · 귀향 편,제57화,「여동생 시녀의 태어난 날」,2013/03/22 19:00,https://ncode.syosetu.com/n9669bk/64/
본편 — 무직전생 ~이세계에 가서 진심으로 해보겠습니다~ / 제6장 소년기 · 귀향 편,제58화,「한 사람 어른」,2013/03/23 19:00,https://ncode.syosetu.com/n9669bk/65/
본편 — 무직전생 ~이세계에 가서 진심으로 해보겠습니다~ / 제6장 소년기 · 귀향 편,제59화,「터닝포인트 2」,2013/03/24 19:00,https://ncode.syosetu.com/n9669bk/66/
본편 — 무직전생 ~이세계에 가서 진심으로 해보겠습니다~ / 제6장 소년기 · 귀향 편,제60화,「가슴에 뚜렷이 뚫린 구멍」,2013/03/25 19:00,https://ncode.syosetu.com/n9669bk/67/
본편 — 무직전생 ~이세계에 가서 진심으로 해보겠습니다~ / 제6장 소년기 · 귀향 편,제61화,「여행의 끝」,2013/03/27 00:00,https://ncode.syosetu.com/n9669bk/68/
본편 — 무직전생 ~이세계에 가서 진심으로 해보겠습니다~ / 제6장 소년기 · 귀향 편,제62화,「재해의 현실」,2013/03/27 19:00,https://ncode.syosetu.com/n9669bk/69/
본편 — 무직전생 ~이세계에 가서 진심으로 해보겠습니다~ / 제6장 소년기 · 귀향 편,제63화,「아가씨의 결의」,2013/03/28 19:00,https://ncode.syosetu.com/n9669bk/70/
본편 — 무직전생 ~이세계에 가서 진심으로 해보겠습니다~ / 제6장 소년기 · 귀향 편,간화,「만나버린 두 사람」,2013/03/29 19:00,https://ncode.syosetu.com/n9669bk/71/
본편 — 무직전생 ~이세계에 가서 진심으로 해보겠습니다~ / 제6장 소년기 · 귀향 편,세계지도 2,,2013/04/16 18:00,https://ncode.syosetu.com/n9669bk/72/
본편 — 무직전생 ~이세계에 가서 진심으로 해보겠습니다~ / 제7장 청소년기 · 입학 편,제64화,「진흙탕의 모험자」,2013/04/16 19:00,https://ncode.syosetu.com/n9669bk/73/
본편 — 무직전생 ~이세계에 가서 진심으로 해보겠습니다~ / 제7장 청소년기 · 입학 편,제65화,「추천장」,2013/04/17 19:00,https://ncode.syosetu.com/n9669bk/74/
본편 — 무직전생 ~이세계에 가서 진심으로 해보겠습니다~ / 제7장 청소년기 · 입학 편,제66화,「입학시험」,2013/04/19 19:00,https://ncode.syosetu.com/n9669bk/75/
본편 — 무직전생 ~이세계에 가서 진심으로 해보겠습니다~ / 제7장 청소년기 · 입학 편,제67화,「입학 첫날 · 전반」,2013/04/20 19:00,https://ncode.syosetu.com/n9669bk/76/
본편 — 무직전생 ~이세계에 가서 진심으로 해보겠습니다~ / 제7장 청소년기 · 입학 편,제68화,「입학 첫날 · 후반」,2013/04/21 19:00,https://ncode.syosetu.com/n9669bk/77/
본편 — 무직전생 ~이세계에 가서 진심으로 해보겠습니다~ / 제7장 청소년기 · 입학 편,제69화,「피츠 선배」,2013/04/22 19:00,https://ncode.syosetu.com/n9669bk/78/
본편 — 무직전생 ~이세계에 가서 진심으로 해보겠습니다~ / 제8장 청소년기 · 특별생 장악 편,제70화,「미치지 못한 힘 · 전반」,2013/04/23 19:00,https://ncode.syosetu.com/n9669bk/79/
본편 — 무직전생 ~이세계에 가서 진심으로 해보겠습니다~ / 제8장 청소년기 · 특별생 장악 편,제71화,「미치지 못한 힘 · 후반」,2013/04/24 19:00,https://ncode.syosetu.com/n9669bk/80/
본편 — 무직전생 ~이세계에 가서 진심으로 해보겠습니다~ / 제8장 청소년기 · 특별생 장악 편,제72화,「수족 영애 납치감금 사건 · 전반」,2013/04/26 19:00,https://ncode.syosetu.com/n9669bk/81/
본편 — 무직전생 ~이세계에 가서 진심으로 해보겠습니다~ / 제8장 청소년기 · 특별생 장악 편,제73화,「수족 영애 납치감금 사건 · 후반」,2013/04/27 19:00,https://ncode.syosetu.com/n9669bk/82/
본편 — 무직전생 ~이세계에 가서 진심으로 해보겠습니다~ / 제8장 청소년기 · 특별생 장악 편,제74화,「천재 소년의 비밀 · 전반」,2013/04/29 19:00,https://ncode.syosetu.com/n9669bk/83/
본편 — 무직전생 ~이세계에 가서 진심으로 해보겠습니다~ / 제8장 청소년기 · 특별생 장악 편,제75화,「천재 소년의 비밀 · 후반」,2013/04/30 19:00,https://ncode.syosetu.com/n9669bk/84/
본편 — 무직전생 ~이세계에 가서 진심으로 해보겠습니다~ / 제8장 청소년기 · 특별생 장악 편,제76화,「벼랑의 약혼자 · 전반」,2013/05/02 19:00,https://ncode.syosetu.com/n9669bk/85/
본편 — 무직전생 ~이세계에 가서 진심으로 해보겠습니다~ / 제8장 청소년기 · 특별생 장악 편,제77화,「벼랑의 약혼자 · 후반」,2013/05/03 19:00,https://ncode.syosetu.com/n9669bk/86/
본편 — 무직전생 ~이세계에 가서 진심으로 해보겠습니다~ / 제8장 청소년기 · 특별생 장악 편,제78화,「하얀 가면 · 전반」,2013/05/06 19:00,https://ncode.syosetu.com/n9669bk/87/
본편 — 무직전생 ~이세계에 가서 진심으로 해보겠습니다~ / 제8장 청소년기 · 특별생 장악 편,제79화,「하얀 가면 · 후반」,2013/05/07 19:00,https://ncode.syosetu.com/n9669bk/88/
본편 — 무직전생 ~이세계에 가서 진심으로 해보겠습니다~ / 제8장 청소년기 · 특별생 장악 편,제80화,「마법대학에서의 하루」,2013/05/08 19:00,https://ncode.syosetu.com/n9669bk/89/
본편 — 무직전생 ~이세계에 가서 진심으로 해보겠습니다~ / 제8장 청소년기 · 특별생 장악 편,간화,「불타라 미친개」,2013/05/09 19:00,https://ncode.syosetu.com/n9669bk/90/
본편 — 무직전생 ~이세계에 가서 진심으로 해보겠습니다~ / 제9장 청소년기 · 실피에트 편,제81화,「실피의 과거」,2013/06/08 19:00,https://ncode.syosetu.com/n9669bk/91/
본편 — 무직전생 ~이세계에 가서 진심으로 해보겠습니다~ / 제9장 청소년기 · 실피에트 편,제82화,「수호술사 피츠 등장」,2013/06/09 19:00,https://ncode.syosetu.com/n9669bk/92/
본편 — 무직전생 ~이세계에 가서 진심으로 해보겠습니다~ / 제9장 청소년기 · 실피에트 편,제83화,「공주와 기사와 술사」,2013/06/10 19:00,https://ncode.syosetu.com/n9669bk/93/
본편 — 무직전생 ~이세계에 가서 진심으로 해보겠습니다~ / 제9장 청소년기 · 실피에트 편,제84화,「입학 첫날 · 번외편」,2013/06/11 19:00,https://ncode.syosetu.com/n9669bk/94/
본편 — 무직전생 ~이세계에 가서 진심으로 해보겠습니다~ / 제9장 청소년기 · 실피에트 편,제85화,「눈치 빠른 둔감」,2013/06/12 19:00,https://ncode.syosetu.com/n9669bk/95/
본편 — 무직전생 ~이세계에 가서 진심으로 해보겠습니다~ / 제9장 청소년기 · 실피에트 편,제86화,「지나친 배려」,2013/06/13 19:00,https://ncode.syosetu.com/n9669bk/96/
본편 — 무직전생 ~이세계에 가서 진심으로 해보겠습니다~ / 제9장 청소년기 · 실피에트 편,제87화,「지켜진 비밀」,2013/06/14 19:00,https://ncode.syosetu.com/n9669bk/97/
본편 — 무직전생 ~이세계에 가서 진심으로 해보겠습니다~ / 제9장 청소년기 · 실피에트 편,제88화,「숲의 비 · 전반」,2013/06/15 19:00,https://ncode.syosetu.com/n9669bk/98/
본편 — 무직전생 ~이세계에 가서 진심으로 해보겠습니다~ / 제9장 청소년기 · 실피에트 편,제89화,「숲의 비 · 후반」,2013/06/16 19:00,https://ncode.syosetu.com/n9669bk/99/
본편 — 무직전생 ~이세계에 가서 진심으로 해보겠습니다~ / 제9장 청소년기 · 실피에트 편,제90화,「마지막 한 번 더」,2013/06/17 19:00,https://ncode.syosetu.com/n9669bk/100/
본편 — 무직전생 ~이세계에 가서 진심으로 해보겠습니다~ / 제9장 청소년기 · 실피에트 편,제91화,「뒷배」,2013/06/18 19:00,https://ncode.syosetu.com/n9669bk/101/
본편 — 무직전생 ~이세계에 가서 진심으로 해보겠습니다~ / 제10장 청소년기 · 신혼 편,제92화,「결혼 전에 준비할 것 · 전반」,2013/06/26 19:00,https://ncode.syosetu.com/n9669bk/102/
본편 — 무직전생 ~이세계에 가서 진심으로 해보겠습니다~ / 제10장 청소년기 · 신혼 편,제93화,「결혼 전에 준비할 것 · 후반」,2013/06/27 19:00,https://ncode.syosetu.com/n9669bk/103/
본편 — 무직전생 ~이세계에 가서 진심으로 해보겠습니다~ / 제10장 청소년기 · 신혼 편,제94화,「극적」,2013/06/28 19:00,https://ncode.syosetu.com/n9669bk/104/
본편 — 무직전생 ~이세계에 가서 진심으로 해보겠습니다~ / 제10장 청소년기 · 신혼 편,제95화,「피로연 · 준비」,2013/06/29 19:00,https://ncode.syosetu.com/n9669bk/105/
본편 — 무직전생 ~이세계에 가서 진심으로 해보겠습니다~ / 제10장 청소년기 · 신혼 편,제96화,「피로연 · 개최」,2013/06/30 19:00,https://ncode.syosetu.com/n9669bk/106/
본편 — 무직전생 ~이세계에 가서 진심으로 해보겠습니다~ / 제10장 청소년기 · 신혼 편,제97화,「피로연 · 종료」,2013/07/01 19:00,https://ncode.syosetu.com/n9669bk/107/
본편 — 무직전생 ~이세계에 가서 진심으로 해보겠습니다~ / 제10장 청소년기 · 신혼 편,제98화,「집 있는 생활」,2013/07/02 19:00,https://ncode.syosetu.com/n9669bk/108/
본편 — 무직전생 ~이세계에 가서 진심으로 해보겠습니다~ / 제11장 청소년기 · 여동생 편,제99화,「편지」,2013/07/28 19:00,https://ncode.syosetu.com/n9669bk/109/
본편 — 무직전생 ~이세계에 가서 진심으로 해보겠습니다~ / 제11장 청소년기 · 여동생 편,제100화,「제방 붕괴」,2013/07/29 19:00,https://ncode.syosetu.com/n9669bk/110/
본편 — 무직전생 ~이세계에 가서 진심으로 해보겠습니다~ / 제11장 청소년기 · 여동생 편,제101화,「문수보살의 지혜」,2013/07/30 19:00,https://ncode.syosetu.com/n9669bk/111/
본편 — 무직전생 ~이세계에 가서 진심으로 해보겠습니다~ / 제11장 청소년기 · 여동생 편,제102화,「그리움과 안타까움」,2013/07/31 19:00,https://ncode.syosetu.com/n9669bk/112/
본편 — 무직전생 ~이세계에 가서 진심으로 해보겠습니다~ / 제11장 청소년기 · 여동생 편,제103화,「자매의 처우」,2013/08/01 19:00,https://ncode.syosetu.com/n9669bk/113/
본편 — 무직전생 ~이세계에 가서 진심으로 해보겠습니다~ / 제11장 청소년기 · 여동생 편,제104화,「메이드와 기숙사생」,2013/08/02 19:00,https://ncode.syosetu.com/n9669bk/114/
본편 — 무직전생 ~이세계에 가서 진심으로 해보겠습니다~ / 제11장 청소년기 · 여동생 편,간화,「인형의 연구와 주종관계」,2013/08/03 13:02,https://ncode.syosetu.com/n9669bk/115/
본편 — 무직전생 ~이세계에 가서 진심으로 해보겠습니다~ / 제11장 청소년기 · 여동생 편,제105화,「반장과 그 동료들」,2013/08/03 19:00,https://ncode.syosetu.com/n9669bk/116/
본편 — 무직전생 ~이세계에 가서 진심으로 해보겠습니다~ / 제11장 청소년기 · 여동생 편,제106화,「형의 마음」,2013/08/04 19:00,https://ncode.syosetu.com/n9669bk/117/
본편 — 무직전생 ~이세계에 가서 진심으로 해보겠습니다~ / 제11장 청소년기 · 여동생 편,제107화,「노른 그레이라트」,2013/08/05 19:00,https://ncode.syosetu.com/n9669bk/118/
본편 — 무직전생 ~이세계에 가서 진심으로 해보겠습니다~ / 제11장 청소년기 · 여동생 편,제108화,「여동생이 있는 생활」,2013/08/06 19:00,https://ncode.syosetu.com/n9669bk/119/
본편 — 무직전생 ~이세계에 가서 진심으로 해보겠습니다~ / 제11장 청소년기 · 여동생 편,제109화,「터닝포인트 3」,2013/08/07 19:00,https://ncode.syosetu.com/n9669bk/120/
본편 — 무직전생 ~이세계에 가서 진심으로 해보겠습니다~ / 제11장 청소년기 · 여동생 편,간화,「송곳니를 갈다」,2013/08/09 19:00,https://ncode.syosetu.com/n9669bk/121/
본편 — 무직전생 ~이세계에 가서 진심으로 해보겠습니다~ / 제12장 청소년기 · 베가리트 대륙 편,제110화,「이별의 인사」,2013/08/30 19:00,https://ncode.syosetu.com/n9669bk/122/
본편 — 무직전생 ~이세계에 가서 진심으로 해보겠습니다~ / 제12장 청소년기 · 베가리트 대륙 편,제111화,「베가리트 대륙으로」,2013/08/31 19:00,https://ncode.syosetu.com/n9669bk/123/
본편 — 무직전생 ~이세계에 가서 진심으로 해보겠습니다~ / 제12장 청소년기 · 베가리트 대륙 편,제112화,「천적과의 조우」,2013/09/02 00:00,https://ncode.syosetu.com/n9669bk/124/
본편 — 무직전생 ~이세계에 가서 진심으로 해보겠습니다~ / 제12장 청소년기 · 베가리트 대륙 편,제113화,「사막의 생태」,2013/09/02 14:38,https://ncode.syosetu.com/n9669bk/125/
본편 — 무직전생 ~이세계에 가서 진심으로 해보겠습니다~ / 제12장 청소년기 · 베가리트 대륙 편,제114화,「사막 여행」,2013/09/03 19:00,https://ncode.syosetu.com/n9669bk/126/
본편 — 무직전생 ~이세계에 가서 진심으로 해보겠습니다~ / 제12장 청소년기 · 베가리트 대륙 편,제115화,「바자르」,2013/09/04 19:00,https://ncode.syosetu.com/n9669bk/127/
본편 — 무직전생 ~이세계에 가서 진심으로 해보겠습니다~ / 제12장 청소년기 · 베가리트 대륙 편,제116화,「사막의 전사들」,2013/09/05 19:00,https://ncode.syosetu.com/n9669bk/128/
본편 — 무직전생 ~이세계에 가서 진심으로 해보겠습니다~ / 제12장 청소년기 · 베가리트 대륙 편,제117화,「도착」,2013/09/06 19:00,https://ncode.syosetu.com/n9669bk/129/
본편 — 무직전생 ~이세계에 가서 진심으로 해보겠습니다~ / 제13장 청소년기 · 미궁 편,제118화,「상황 확인」,2013/10/05 19:00,https://ncode.syosetu.com/n9669bk/130/
본편 — 무직전생 ~이세계에 가서 진심으로 해보겠습니다~ / 제13장 청소년기 · 미궁 편,제119화,「미궁 입성」,2013/10/06 19:00,https://ncode.syosetu.com/n9669bk/131/
본편 — 무직전생 ~이세계에 가서 진심으로 해보겠습니다~ / 제13장 청소년기 · 미궁 편,제120화,「그때 그녀의 마음」,2013/10/07 19:00,https://ncode.syosetu.com/n9669bk/132/
본편 — 무직전생 ~이세계에 가서 진심으로 해보겠습니다~ / 제13장 청소년기 · 미궁 편,제121화,「불굴의 마법사」,2013/10/08 19:00,https://ncode.syosetu.com/n9669bk/133/
본편 — 무직전생 ~이세계에 가서 진심으로 해보겠습니다~ / 제13장 청소년기 · 미궁 편,제122화,「척척 진행」,2013/10/09 19:00,https://ncode.syosetu.com/n9669bk/134/
본편 — 무직전생 ~이세계에 가서 진심으로 해보겠습니다~ / 제13장 청소년기 · 미궁 편,제123화,「제6층의 마법진」,2013/10/10 19:00,https://ncode.syosetu.com/n9669bk/135/
본편 — 무직전생 ~이세계에 가서 진심으로 해보겠습니다~ / 제13장 청소년기 · 미궁 편,제124화,「전이 미궁의 수호자」,2013/10/11 19:00,https://ncode.syosetu.com/n9669bk/136/
본편 — 무직전생 ~이세계에 가서 진심으로 해보겠습니다~ / 제13장 청소년기 · 미궁 편,제125화,「사투」,2013/10/12 19:00,https://ncode.syosetu.com/n9669bk/137/
본편 — 무직전생 ~이세계에 가서 진심으로 해보겠습니다~ / 제13장 청소년기 · 미궁 편,제126화,「부모」,2013/10/13 19:00,https://ncode.syosetu.com/n9669bk/138/
본편 — 무직전생 ~이세계에 가서 진심으로 해보겠습니다~ / 제13장 청소년기 · 미궁 편,제127화,「앞을 향해」,2013/10/14 19:00,https://ncode.syosetu.com/n9669bk/139/
본편 — 무직전생 ~이세계에 가서 진심으로 해보겠습니다~ / 제13장 청소년기 · 미궁 편,제128화,「돌아가자」,2013/10/15 19:00,https://ncode.syosetu.com/n9669bk/140/
본편 — 무직전생 ~이세계에 가서 진심으로 해보겠습니다~ / 제13장 청소년기 · 미궁 편,제129화,「귀환」,2013/10/16 19:00,https://ncode.syosetu.com/n9669bk/141/
본편 — 무직전생 ~이세계에 가서 진심으로 해보겠습니다~ / 제13장 청소년기 · 미궁 편,제130화,「보고」,2013/10/17 19:00,https://ncode.syosetu.com/n9669bk/142/
본편 — 무직전생 ~이세계에 가서 진심으로 해보겠습니다~ / 제13장 청소년기 · 미궁 편,제131화,「수라장」,2013/10/19 19:00,https://ncode.syosetu.com/n9669bk/143/
본편 — 무직전생 ~이세계에 가서 진심으로 해보겠습니다~ / 제13장 청소년기 · 미궁 편,제132화,「묘비 앞에서」,2013/10/20 19:00,https://ncode.syosetu.com/n9669bk/144/
본편 — 무직전생 ~이세계에 가서 진심으로 해보겠습니다~ / 제13장 청소년기 · 미궁 편,간화,"「미친개의 검, 무거운가 날카로운가」",2013/10/21 19:00,https://ncode.syosetu.com/n9669bk/145/
본편 — 무직전생 ~이세계에 가서 진심으로 해보겠습니다~ / 제14장 청년기 · 일상 편,제133화,「록시 교사가 되다」,2013/11/23 19:00,https://ncode.syosetu.com/n9669bk/146/
본편 — 무직전생 ~이세계에 가서 진심으로 해보겠습니다~ / 제14장 청년기 · 일상 편,제134화,「3학년」,2013/11/24 19:00,https://ncode.syosetu.com/n9669bk/147/
본편 — 무직전생 ~이세계에 가서 진심으로 해보겠습니다~ / 제14장 청년기 · 일상 편,제135화,「트레이닝 위드 노른」,2013/11/25 19:00,https://ncode.syosetu.com/n9669bk/148/
본편 — 무직전생 ~이세계에 가서 진심으로 해보겠습니다~ / 제14장 청년기 · 일상 편,제136화,「내가 키웠어」,2013/11/26 19:00,https://ncode.syosetu.com/n9669bk/149/
본편 — 무직전생 ~이세계에 가서 진심으로 해보겠습니다~ / 제14장 청년기 · 일상 편,제137화,「위엄 있는 아버지」,2013/11/27 19:00,https://ncode.syosetu.com/n9669bk/150/
본편 — 무직전생 ~이세계에 가서 진심으로 해보겠습니다~ / 제14장 청년기 · 일상 편,제138화,「수왕급」,2013/11/28 19:00,https://ncode.syosetu.com/n9669bk/151/
본편 — 무직전생 ~이세계에 가서 진심으로 해보겠습니다~ / 제14장 청년기 · 일상 편,제139화,「결혼식」,2013/11/29 19:00,https://ncode.syosetu.com/n9669bk/152/
본편 — 무직전생 ~이세계에 가서 진심으로 해보겠습니다~ / 제14장 청년기 · 일상 편,제140화,「양손에 꽃」,2013/11/30 19:00,https://ncode.syosetu.com/n9669bk/153/
본편 — 무직전생 ~이세계에 가서 진심으로 해보겠습니다~ / 제14장 청년기 · 일상 편,제141화,「생일회」,2013/12/01 19:00,https://ncode.syosetu.com/n9669bk/154/
본편 — 무직전생 ~이세계에 가서 진심으로 해보겠습니다~ / 제14장 청년기 · 일상 편,제142화,「졸업식」,2013/12/02 19:00,https://ncode.syosetu.com/n9669bk/155/
본편 — 무직전생 ~이세계에 가서 진심으로 해보겠습니다~ / 제14장 청년기 · 일상 편,제143화,「제4단계」,2013/12/03 19:00,https://ncode.syosetu.com/n9669bk/156/
본편 — 무직전생 ~이세계에 가서 진심으로 해보겠습니다~ / 제14장 청년기 · 일상 편,간화,「새로운 검왕의 탄생」,2013/12/04 19:00,https://ncode.syosetu.com/n9669bk/157/
본편 — 무직전생 ~이세계에 가서 진심으로 해보겠습니다~ / 제15장 청년기 · 소환 편,제144화,「공성새채(空中城塞)」,2014/01/06 19:00,https://ncode.syosetu.com/n9669bk/158/
본편 — 무직전생 ~이세계에 가서 진심으로 해보겠습니다~ / 제15장 청년기 · 소환 편,제145화,「펠기우스와의 알현」,2014/01/07 19:00,https://ncode.syosetu.com/n9669bk/159/
본편 — 무직전생 ~이세계에 가서 진심으로 해보겠습니다~ / 제15장 청년기 · 소환 편,제146화,「과거와 저주와 소환과 질투」,2014/01/08 19:00,https://ncode.syosetu.com/n9669bk/160/
본편 — 무직전생 ~이세계에 가서 진심으로 해보겠습니다~ / 제15장 청년기 · 소환 편,제147화,「통곡」,2014/01/09 19:00,https://ncode.syosetu.com/n9669bk/161/
본편 — 무직전생 ~이세계에 가서 진심으로 해보겠습니다~ / 제15장 청년기 · 소환 편,제148화,「다시 마대륙으로」,2014/01/10 19:00,https://ncode.syosetu.com/n9669bk/162/
본편 — 무직전생 ~이세계에 가서 진심으로 해보겠습니다~ / 제15장 청년기 · 소환 편,제149화,「키시리카를 찾아서」,2014/01/11 19:00,https://ncode.syosetu.com/n9669bk/163/
본편 — 무직전생 ~이세계에 가서 진심으로 해보겠습니다~ / 제15장 청년기 · 소환 편,제150화,「불사마왕과의 알현」,2014/01/12 19:00,https://ncode.syosetu.com/n9669bk/164/
본편 — 무직전생 ~이세계에 가서 진심으로 해보겠습니다~ / 제15장 청년기 · 소환 편,제151화,「불사마왕과의 결투」,2014/01/13 19:00,https://ncode.syosetu.com/n9669bk/165/
본편 — 무직전생 ~이세계에 가서 진심으로 해보겠습니다~ / 제15장 청년기 · 소환 편,제152화,「공성새채에서의 하루」,2014/01/14 19:00,https://ncode.syosetu.com/n9669bk/166/
본편 — 무직전생 ~이세계에 가서 진심으로 해보겠습니다~ / 제15장 청년기 · 소환 편,제153화,「터닝포인트 4」,2014/01/15 19:00,https://ncode.syosetu.com/n9669bk/167/
본편 — 무직전생 ~이세계에 가서 진심으로 해보겠습니다~ / 제15장 청년기 · 소환 편,제154화,「끝과 시작」,2014/01/17 19:00,https://ncode.syosetu.com/n9669bk/168/
본편 — 무직전생 ~이세계에 가서 진심으로 해보겠습니다~ / 제16장 청년기 · 인신(人神) 편,제155화,「일기 · 전반」,2014/02/17 19:00,https://ncode.syosetu.com/n9669bk/169/
본편 — 무직전생 ~이세계에 가서 진심으로 해보겠습니다~ / 제16장 청년기 · 인신(人神) 편,제156화,「일기 · 후반」,2014/02/18 19:00,https://ncode.syosetu.com/n9669bk/170/
본편 — 무직전생 ~이세계에 가서 진심으로 해보겠습니다~ / 제16장 청년기 · 인신(人神) 편,제157화,「각오」,2014/02/19 19:00,https://ncode.syosetu.com/n9669bk/171/
본편 — 무직전생 ~이세계에 가서 진심으로 해보겠습니다~ / 제16장 청년기 · 인신(人神) 편,제158화,「나나호시의 가설」,2014/02/20 19:00,https://ncode.syosetu.com/n9669bk/172/
본편 — 무직전생 ~이세계에 가서 진심으로 해보겠습니다~ / 제16장 청년기 · 인신(人神) 편,제159화,"「편지, 닿다」",2014/02/21 19:00,https://ncode.syosetu.com/n9669bk/173/
본편 — 무직전생 ~이세계에 가서 진심으로 해보겠습니다~ / 제16장 청년기 · 인신(人神) 편,제160화,「준비」,2014/02/22 19:00,https://ncode.syosetu.com/n9669bk/174/
본편 — 무직전생 ~이세계에 가서 진심으로 해보겠습니다~ / 제16장 청년기 · 인신(人神) 편,제161화,「준비 완료」,2014/02/23 19:00,https://ncode.syosetu.com/n9669bk/175/
본편 — 무직전생 ~이세계에 가서 진심으로 해보겠습니다~ / 제16장 청년기 · 인신(人神) 편,제162화,「진흙탕 대 용신」,2014/02/25 19:00,https://ncode.syosetu.com/n9669bk/176/
본편 — 무직전생 ~이세계에 가서 진심으로 해보겠습니다~ / 제16장 청년기 · 인신(人神) 편,제163화,「광검왕 대 용신」,2014/02/26 19:00,https://ncode.syosetu.com/n9669bk/177/
본편 — 무직전생 ~이세계에 가서 진심으로 해보겠습니다~ / 제16장 청년기 · 인신(人神) 편,제164화,「에리스 그레이라트 · 전반」,2014/02/27 19:00,https://ncode.syosetu.com/n9669bk/178/
본편 — 무직전생 ~이세계에 가서 진심으로 해보겠습니다~ / 제16장 청년기 · 인신(人神) 편,제165화,「에리스 그레이라트 · 후반」,2014/02/28 19:00,https://ncode.syosetu.com/n9669bk/179/
본편 — 무직전생 ~이세계에 가서 진심으로 해보겠습니다~ / 제17장 청년기 · 왕국 편,제166화,「소환」,2014/04/01 19:00,https://ncode.syosetu.com/n9669bk/180/
본편 — 무직전생 ~이세계에 가서 진심으로 해보겠습니다~ / 제17장 청년기 · 왕국 편,제167화,「설명」,2014/04/01 21:00,https://ncode.syosetu.com/n9669bk/181/
본편 — 무직전생 ~이세계에 가서 진심으로 해보겠습니다~ / 제17장 청년기 · 왕국 편,제168화,「첫 임무로」,2014/04/02 19:00,https://ncode.syosetu.com/n9669bk/182/
본편 — 무직전생 ~이세계에 가서 진심으로 해보겠습니다~ / 제17장 청년기 · 왕국 편,제169화,「수호마수」,2014/04/03 19:00,https://ncode.syosetu.com/n9669bk/183/
본편 — 무직전생 ~이세계에 가서 진심으로 해보겠습니다~ / 제17장 청년기 · 왕국 편,제170화,「남자회」,2014/04/04 19:00,https://ncode.syosetu.com/n9669bk/184/
본편 — 무직전생 ~이세계에 가서 진심으로 해보겠습니다~ / 제17장 청년기 · 왕국 편,간화,「여자회」,2014/04/05 19:00,https://ncode.syosetu.com/n9669bk/185/
본편 — 무직전생 ~이세계에 가서 진심으로 해보겠습니다~ / 제17장 청년기 · 왕국 편,제171화,「루크」,2014/04/06 19:00,https://ncode.syosetu.com/n9669bk/186/
본편 — 무직전생 ~이세계에 가서 진심으로 해보겠습니다~ / 제17장 청년기 · 왕국 편,제172화,「마음을 정하다」,2014/04/07 19:00,https://ncode.syosetu.com/n9669bk/187/
본편 — 무직전생 ~이세계에 가서 진심으로 해보겠습니다~ / 제17장 청년기 · 왕국 편,제173화,「협력 체제」,2014/04/08 19:00,https://ncode.syosetu.com/n9669bk/188/
본편 — 무직전생 ~이세계에 가서 진심으로 해보겠습니다~ / 제17장 청년기 · 왕국 편,제174화,「갑룡왕과 제2공주」,2014/04/09 19:00,https://ncode.syosetu.com/n9669bk/189/
본편 — 무직전생 ~이세계에 가서 진심으로 해보겠습니다~ / 제17장 청년기 · 왕국 편,제175화,「아스라 왕국에 가기 전에」,2014/04/10 19:00,https://ncode.syosetu.com/n9669bk/190/
본편 — 무직전생 ~이세계에 가서 진심으로 해보겠습니다~ / 제17장 청년기 · 왕국 편,간화,「흑랑의 검왕」,2014/04/11 19:00,https://ncode.syosetu.com/n9669bk/191/
본편 — 무직전생 ~이세계에 가서 진심으로 해보겠습니다~ / 제17장 청년기 · 왕국 편,세계지도 3,,2014/05/22 19:00,https://ncode.syosetu.com/n9669bk/192/
본편 — 무직전생 ~이세계에 가서 진심으로 해보겠습니다~ / 제18장 청년기 · 아스라 왕국 편,제176화,「아스라 왕국으로 출발」,2014/05/22 19:00,https://ncode.syosetu.com/n9669bk/193/
본편 — 무직전생 ~이세계에 가서 진심으로 해보겠습니다~ / 제18장 청년기 · 아스라 왕국 편,제177화,「적룡의 위턱」,2014/05/23 19:00,https://ncode.syosetu.com/n9669bk/194/
본편 — 무직전생 ~이세계에 가서 진심으로 해보겠습니다~ / 제18장 청년기 · 아스라 왕국 편,제178화,「추측」,2014/05/24 19:00,https://ncode.syosetu.com/n9669bk/195/
본편 — 무직전생 ~이세계에 가서 진심으로 해보겠습니다~ / 제18장 청년기 · 아스라 왕국 편,제179화,「아리엘의 선택」,2014/05/25 19:00,https://ncode.syosetu.com/n9669bk/196/
본편 — 무직전생 ~이세계에 가서 진심으로 해보겠습니다~ / 제18장 청년기 · 아스라 왕국 편,제180화,「트리스티나」,2014/05/26 19:00,https://ncode.syosetu.com/n9669bk/197/
본편 — 무직전생 ~이세계에 가서 진심으로 해보겠습니다~ / 제18장 청년기 · 아스라 왕국 편,제181화,「도중」,2014/05/27 19:00,https://ncode.syosetu.com/n9669bk/198/
본편 — 무직전생 ~이세계에 가서 진심으로 해보겠습니다~ / 제18장 청년기 · 아스라 왕국 편,제182화,「왕도 알스」,2014/05/28 19:00,https://ncode.syosetu.com/n9669bk/199/
본편 — 무직전생 ~이세계에 가서 진심으로 해보겠습니다~ / 제18장 청년기 · 아스라 왕국 편,제183화,「새벽 어둠의 사투」,2014/05/29 19:00,https://ncode.syosetu.com/n9669bk/200/
본편 — 무직전생 ~이세계에 가서 진심으로 해보겠습니다~ / 제19장 청년기 · 부하 편,제184화,「아리엘의 전쟁터」,2014/05/30 19:00,https://ncode.syosetu.com/n9669bk/201/
본편 — 무직전생 ~이세계에 가서 진심으로 해보겠습니다~ / 제19장 청년기 · 부하 편,제185화,「루데우스의 전쟁터」,2014/05/31 19:00,https://ncode.syosetu.com/n9669bk/202/
본편 — 무직전생 ~이세계에 가서 진심으로 해보겠습니다~ / 제19장 청년기 · 부하 편,제186화,「루크의 폭주」,2014/06/01 19:00,https://ncode.syosetu.com/n9669bk/203/
본편 — 무직전생 ~이세계에 가서 진심으로 해보겠습니다~ / 제19장 청년기 · 부하 편,제187화,「오르스테드의 진실과 왕도의 10일간」,2014/06/02 19:00,https://ncode.syosetu.com/n9669bk/204/
본편 — 무직전생 ~이세계에 가서 진심으로 해보겠습니다~ / 제19장 청년기 · 부하 편,제188화,「이별의 수련과 실피의 변화」,2014/06/03 19:00,https://ncode.syosetu.com/n9669bk/205/
본편 — 무직전생 ~이세계에 가서 진심으로 해보겠습니다~ / 제19장 청년기 · 부하 편,제189화,「귀환과 결의」,2014/06/04 19:00,https://ncode.syosetu.com/n9669bk/206/
본편 — 무직전생 ~이세계에 가서 진심으로 해보겠습니다~ / 제19장 청년기 · 부하 편,제190화,「근황」,2014/07/03 19:00,https://ncode.syosetu.com/n9669bk/207/
본편 — 무직전생 ~이세계에 가서 진심으로 해보겠습니다~ / 제19장 청년기 · 부하 편,간화,「일의 한 예」,2014/07/04 19:00,https://ncode.syosetu.com/n9669bk/208/
본편 — 무직전생 ~이세계에 가서 진심으로 해보겠습니다~ / 제19장 청년기 · 부하 편,제191화,「빌려온 고양이」,2014/07/05 19:00,https://ncode.syosetu.com/n9669bk/209/
본편 — 무직전생 ~이세계에 가서 진심으로 해보겠습니다~ / 제19장 청년기 · 부하 편,제192화,「입학식과 학생회장」,2014/07/06 19:00,https://ncode.syosetu.com/n9669bk/210/
본편 — 무직전생 ~이세계에 가서 진심으로 해보겠습니다~ / 제19장 청년기 · 부하 편,제193화,「연구 진척」,2014/07/07 19:00,https://ncode.syosetu.com/n9669bk/211/
본편 — 무직전생 ~이세계에 가서 진심으로 해보겠습니다~ / 제19장 청년기 · 부하 편,제194화,「가정 해체의 조짐」,2014/07/08 19:00,https://ncode.syosetu.com/n9669bk/212/
본편 — 무직전생 ~이세계에 가서 진심으로 해보겠습니다~ / 제19장 청년기 · 부하 편,제195화,「창업」,2014/07/09 19:00,https://ncode.syosetu.com/n9669bk/213/
본편 — 무직전생 ~이세계에 가서 진심으로 해보겠습니다~ / 제19장 청년기 · 부하 편,제196화,「사내 벤처」,2014/07/10 19:00,https://ncode.syosetu.com/n9669bk/214/
본편 — 무직전생 ~이세계에 가서 진심으로 해보겠습니다~ / 제19장 청년기 · 부하 편,제197화,「도르디아 마을 재방문」,2014/07/11 19:00,https://ncode.syosetu.com/n9669bk/215/
본편 — 무직전생 ~이세계에 가서 진심으로 해보겠습니다~ / 제19장 청년기 · 부하 편,제198화,「육포 살인 사건」,2014/07/12 19:00,https://ncode.syosetu.com/n9669bk/216/
본편 — 무직전생 ~이세계에 가서 진심으로 해보겠습니다~ / 제19장 청년기 · 부하 편,제199화,「다음 전투」,2014/07/13 19:00,https://ncode.syosetu.com/n9669bk/217/
본편 — 무직전생 ~이세계에 가서 진심으로 해보겠습니다~ / 제20장 청년기 · 자노바 편,제200화,「자노바의 결의」,2014/08/21 19:00,https://ncode.syosetu.com/n9669bk/218/
본편 — 무직전생 ~이세계에 가서 진심으로 해보겠습니다~ / 제20장 청년기 · 자노바 편,제201화,「벌레의 예감」,2014/08/22 19:00,https://ncode.syosetu.com/n9669bk/219/
본편 — 무직전생 ~이세계에 가서 진심으로 해보겠습니다~ / 제20장 청년기 · 자노바 편,제202화,「시론 재방문」,2014/08/23 19:00,https://ncode.syosetu.com/n9669bk/220/
본편 — 무직전생 ~이세계에 가서 진심으로 해보겠습니다~ / 제20장 청년기 · 자노바 편,제203화,「팍스 왕」,2014/08/24 19:00,https://ncode.syosetu.com/n9669bk/221/
본편 — 무직전생 ~이세계에 가서 진심으로 해보겠습니다~ / 제20장 청년기 · 자노바 편,제204화,「카론 요새」,2014/08/25 19:00,https://ncode.syosetu.com/n9669bk/222/
본편 — 무직전생 ~이세계에 가서 진심으로 해보겠습니다~ / 제20장 청년기 · 자노바 편,제205화,「전쟁 준비」,2014/08/26 19:00,https://ncode.syosetu.com/n9669bk/223/
본편 — 무직전생 ~이세계에 가서 진심으로 해보겠습니다~ / 제20장 청년기 · 자노바 편,제206화,「전쟁」,2014/08/27 19:00,https://ncode.syosetu.com/n9669bk/224/
본편 — 무직전생 ~이세계에 가서 진심으로 해보겠습니다~ / 제20장 청년기 · 자노바 편,제207화,「긴급 소식과 자노바의 진의」,2014/08/28 19:00,https://ncode.syosetu.com/n9669bk/225/
본편 — 무직전생 ~이세계에 가서 진심으로 해보겠습니다~ / 제20장 청년기 · 자노바 편,제208화,「팍스에게로」,2014/08/29 19:00,https://ncode.syosetu.com/n9669bk/226/
본편 — 무직전생 ~이세계에 가서 진심으로 해보겠습니다~ / 제20장 청년기 · 자노바 편,제209화,「누구나 다 헛돈다」,2014/08/30 19:00,https://ncode.syosetu.com/n9669bk/227/
본편 — 무직전생 ~이세계에 가서 진심으로 해보겠습니다~ / 제20장 청년기 · 자노바 편,제210화,「전후」,2014/08/31 19:00,https://ncode.syosetu.com/n9669bk/228/
본편 — 무직전생 ~이세계에 가서 진심으로 해보겠습니다~ / 제20장 청년기 · 자노바 편,제211화,「자노바가 선택한 길」,2014/09/01 19:00,https://ncode.syosetu.com/n9669bk/229/
본편 — 무직전생 ~이세계에 가서 진심으로 해보겠습니다~ / 제20장 청년기 · 자노바 편,제212화,「기뻐해도 되는 거야」,2014/09/02 19:00,https://ncode.syosetu.com/n9669bk/230/
본편 — 무직전생 ~이세계에 가서 진심으로 해보겠습니다~ / 간장(間章),제213화,「앞으로의 방향과 크리프의 고민」,2014/10/16 19:00,https://ncode.syosetu.com/n9669bk/231/
본편 — 무직전생 ~이세계에 가서 진심으로 해보겠습니다~ / 간장(間章),제214화,「크리프와 자노바의 졸업식」,2014/10/17 19:00,https://ncode.syosetu.com/n9669bk/232/
본편 — 무직전생 ~이세계에 가서 진심으로 해보겠습니다~ / 간장(間章),간화,"「시골뜨기, 도회지로 가다」",2014/10/18 19:00,https://ncode.syosetu.com/n9669bk/233/
본편 — 무직전생 ~이세계에 가서 진심으로 해보겠습니다~ / 간장(間章),간화,「성인식」,2014/10/19 19:00,https://ncode.syosetu.com/n9669bk/234/
본편 — 무직전생 ~이세계에 가서 진심으로 해보겠습니다~ / 간장(間章),제215화,「성과와 앞으로」,2014/10/20 19:00,https://ncode.syosetu.com/n9669bk/235/
본편 — 무직전생 ~이세계에 가서 진심으로 해보겠습니다~ / 간장(間章),제216화,「그리고 밀리시온으로……」,2014/10/21 19:00,https://ncode.syosetu.com/n9669bk/236/
본편 — 무직전생 ~이세계에 가서 진심으로 해보겠습니다~ / 제21장 청년기 · 크리프 편,제217화,"「크리프, 고향으로 돌아가다」",2014/11/07 19:00,https://ncode.syosetu.com/n9669bk/237/
본편 — 무직전생 ~이세계에 가서 진심으로 해보겠습니다~ / 제21장 청년기 · 크리프 편,제218화,「라트레이아 가문」,2014/11/08 19:00,https://ncode.syosetu.com/n9669bk/238/
본편 — 무직전생 ~이세계에 가서 진심으로 해보겠습니다~ / 제21장 청년기 · 크리프 편,제219화,「미리스 교단 본부」,2014/11/09 19:00,https://ncode.syosetu.com/n9669bk/239/
본편 — 무직전생 ~이세계에 가서 진심으로 해보겠습니다~ / 제21장 청년기 · 크리프 편,제220화,"「교황과, 그리고……」",2014/11/10 19:00,https://ncode.syosetu.com/n9669bk/240/
본편 — 무직전생 ~이세계에 가서 진심으로 해보겠습니다~ / 제21장 청년기 · 크리프 편,제221화,「모른 척하기」,2014/11/11 19:00,https://ncode.syosetu.com/n9669bk/241/
본편 — 무직전생 ~이세계에 가서 진심으로 해보겠습니다~ / 제21장 청년기 · 크리프 편,제222화,「장기 장기」,2014/11/12 19:00,https://ncode.syosetu.com/n9669bk/242/
본편 — 무직전생 ~이세계에 가서 진심으로 해보겠습니다~ / 제21장 청년기 · 크리프 편,제223화,「뒤집어서 왕을 줍다」,2014/11/13 19:00,https://ncode.syosetu.com/n9669bk/243/
본편 — 무직전생 ~이세계에 가서 진심으로 해보겠습니다~ / 제21장 청년기 · 크리프 편,제224화,「강경 협상」,2014/11/14 19:00,https://ncode.syosetu.com/n9669bk/244/
본편 — 무직전생 ~이세계에 가서 진심으로 해보겠습니다~ / 제21장 청년기 · 크리프 편,제225화,「뭘 망설일 게 있나」,2014/11/15 19:00,https://ncode.syosetu.com/n9669bk/245/
본편 — 무직전생 ~이세계에 가서 진심으로 해보겠습니다~ / 제21장 청년기 · 크리프 편,제226화,"「집을 위해, 딸을 위해」",2014/11/16 19:00,https://ncode.syosetu.com/n9669bk/246/
본편 — 무직전생 ~이세계에 가서 진심으로 해보겠습니다~ / 제21장 청년기 · 크리프 편,제227화,「은혜를 위해」,2014/11/17 19:00,https://ncode.syosetu.com/n9669bk/247/
본편 — 무직전생 ~이세계에 가서 진심으로 해보겠습니다~ / 제21장 청년기 · 크리프 편,제228화,「배신자에게 도망쳐서」,2014/11/18 19:00,https://ncode.syosetu.com/n9669bk/248/
본편 — 무직전생 ~이세계에 가서 진심으로 해보겠습니다~ / 제21장 청년기 · 크리프 편,간화,「미친개와 신의 아이」,2014/11/22 19:00,https://ncode.syosetu.com/n9669bk/249/
본편 — 무직전생 ~이세계에 가서 진심으로 해보겠습니다~ / 제22장 청년기 · 조직 편,제229화,"「귀환, 보고, 그리고 다음 무대로」",2015/01/05 19:00,https://ncode.syosetu.com/n9669bk/250/
본편 — 무직전생 ~이세계에 가서 진심으로 해보겠습니다~ / 제22장 청년기 · 조직 편,제230화,「사신의 고민」,2015/01/06 19:00,https://ncode.syosetu.com/n9669bk/251/
본편 — 무직전생 ~이세계에 가서 진심으로 해보겠습니다~ / 제22장 청년기 · 조직 편,제231화,「왕룡왕국의 왕」,2015/01/07 19:00,https://ncode.syosetu.com/n9669bk/252/
본편 — 무직전생 ~이세계에 가서 진심으로 해보겠습니다~ / 제22장 청년기 · 조직 편,제232화,"「잠입, 네크로스 요새」",2015/01/08 19:00,https://ncode.syosetu.com/n9669bk/253/
본편 — 무직전생 ~이세계에 가서 진심으로 해보겠습니다~ / 제22장 청년기 · 조직 편,제233화,"「격투, 마왕 아토페」",2015/01/09 19:00,https://ncode.syosetu.com/n9669bk/254/
본편 — 무직전생 ~이세계에 가서 진심으로 해보겠습니다~ / 제22장 청년기 · 조직 편,간화,"「우리, 결혼했습니다」",2015/01/10 19:00,https://ncode.syosetu.com/n9669bk/255/
본편 — 무직전생 ~이세계에 가서 진심으로 해보겠습니다~ / 제22장 청년기 · 조직 편,제234화,「네 번째」,2015/01/11 19:00,https://ncode.syosetu.com/n9669bk/256/
본편 — 무직전생 ~이세계에 가서 진심으로 해보겠습니다~ / 제22장 청년기 · 조직 편,제235화,「명명」,2015/01/12 19:00,https://ncode.syosetu.com/n9669bk/257/
본편 — 무직전생 ~이세계에 가서 진심으로 해보겠습니다~ / 제22장 청년기 · 조직 편,제236화,「이세계 전이 마법 장치」,2015/01/13 19:00,https://ncode.syosetu.com/n9669bk/258/
본편 — 무직전생 ~이세계에 가서 진심으로 해보겠습니다~ / 제22장 청년기 · 조직 편,제237화,「나나호시의 행방」,2015/01/14 19:00,https://ncode.syosetu.com/n9669bk/259/
본편 — 무직전생 ~이세계에 가서 진심으로 해보겠습니다~ / 제22장 청년기 · 조직 편,제238화,「두 번째」,2015/01/15 19:00,https://ncode.syosetu.com/n9669bk/260/
본편 — 무직전생 ~이세계에 가서 진심으로 해보겠습니다~ / 제23장 청년기 · 결전 편,제239화,「작전 회의」,2015/03/01 19:00,https://ncode.syosetu.com/n9669bk/261/
본편 — 무직전생 ~이세계에 가서 진심으로 해보겠습니다~ / 제23장 청년기 · 결전 편,제240화,「찾아 헤매던 것」,2015/03/02 19:00,https://ncode.syosetu.com/n9669bk/262/
본편 — 무직전생 ~이세계에 가서 진심으로 해보겠습니다~ / 제23장 청년기 · 결전 편,제241화,「찾아 헤매던 사람」,2015/03/03 19:00,https://ncode.syosetu.com/n9669bk/263/
본편 — 무직전생 ~이세계에 가서 진심으로 해보겠습니다~ / 제23장 청년기 · 결전 편,제242화,「스페르드족의 마을」,2015/03/04 19:00,https://ncode.syosetu.com/n9669bk/264/
본편 — 무직전생 ~이세계에 가서 진심으로 해보겠습니다~ / 제23장 청년기 · 결전 편,제243화,「명왕 비타」,2015/03/05 19:00,https://ncode.syosetu.com/n9669bk/265/
본편 — 무직전생 ~이세계에 가서 진심으로 해보겠습니다~ / 제23장 청년기 · 결전 편,제244화,「역병」,2015/03/06 19:00,https://ncode.syosetu.com/n9669bk/266/
본편 — 무직전생 ~이세계에 가서 진심으로 해보겠습니다~ / 제23장 청년기 · 결전 편,제245화,「천재」,2015/03/07 19:00,https://ncode.syosetu.com/n9669bk/267/
본편 — 무직전생 ~이세계에 가서 진심으로 해보겠습니다~ / 제23장 청년기 · 결전 편,제246화,「수도」,2015/03/08 19:00,https://ncode.syosetu.com/n9669bk/268/
본편 — 무직전생 ~이세계에 가서 진심으로 해보겠습니다~ / 제23장 청년기 · 결전 편,제247화,「3박 4일 스페르드족 견학 투어」,2015/03/09 19:00,https://ncode.syosetu.com/n9669bk/269/
본편 — 무직전생 ~이세계에 가서 진심으로 해보겠습니다~ / 제23장 청년기 · 결전 편,제248화,「소실」,2015/03/10 19:00,https://ncode.syosetu.com/n9669bk/270/
본편 — 무직전생 ~이세계에 가서 진심으로 해보겠습니다~ / 제23장 청년기 · 결전 편,제249화,「지룡곡의 바닥」,2015/03/11 19:00,https://ncode.syosetu.com/n9669bk/271/
본편 — 무직전생 ~이세계에 가서 진심으로 해보겠습니다~ / 제23장 청년기 · 결전 편,제250화,「승기를 보다」,2015/03/12 19:00,https://ncode.syosetu.com/n9669bk/272/
본편 — 무직전생 ~이세계에 가서 진심으로 해보겠습니다~ / 제23장 청년기 · 결전 편,제251화,「광검왕 vs 전검신」,2015/03/13 19:00,https://ncode.syosetu.com/n9669bk/273/
본편 — 무직전생 ~이세계에 가서 진심으로 해보겠습니다~ / 제23장 청년기 · 결전 편,제252화,「3세 vs 2세 + α」,2015/03/14 19:00,https://ncode.syosetu.com/n9669bk/274/
본편 — 무직전생 ~이세계에 가서 진심으로 해보겠습니다~ / 제23장 청년기 · 결전 편,제253화,「북신 3세 vs 데드엔드 + α」,2015/03/15 19:00,https://ncode.syosetu.com/n9669bk/275/
본편 — 무직전생 ~이세계에 가서 진심으로 해보겠습니다~ / 제23장 청년기 · 결전 편,제254화,「알렉산더 vs 루데우스」,2015/03/15 21:00,https://ncode.syosetu.com/n9669bk/276/
본편 — 무직전생 ~이세계에 가서 진심으로 해보겠습니다~ / 제23장 청년기 · 결전 편,제255화,「귀신신(鬼神)의 결투」,2015/03/16 19:00,https://ncode.syosetu.com/n9669bk/277/
본편 — 무직전생 ~이세계에 가서 진심으로 해보겠습니다~ / 제23장 청년기 · 결전 편,제256화,「투신의 위협」,2015/03/17 19:00,https://ncode.syosetu.com/n9669bk/278/
본편 — 무직전생 ~이세계에 가서 진심으로 해보겠습니다~ / 제23장 청년기 · 결전 편,제257화,「비장의 패」,2015/03/18 19:00,https://ncode.syosetu.com/n9669bk/279/
본편 — 무직전생 ~이세계에 가서 진심으로 해보겠습니다~ / 제23장 청년기 · 결전 편,제258화,「터닝포인트 5」,2015/03/19 19:00,https://ncode.syosetu.com/n9669bk/280/
본편 — 무직전생 ~이세계에 가서 진심으로 해보겠습니다~ / 제23장 청년기 · 결전 편,제259화,「전투의 끝」,2015/03/20 19:00,https://ncode.syosetu.com/n9669bk/281/
본편 — 무직전생 ~이세계에 가서 진심으로 해보겠습니다~ / 최종장 · 완결 편,제260화,「마지막 꿈」,2015/04/03 19:00,https://ncode.syosetu.com/n9669bk/282/
본편 — 무직전생 ~이세계에 가서 진심으로 해보겠습니다~ / 최종장 · 완결 편,제261화,「34세」,2015/04/03 20:00,https://ncode.syosetu.com/n9669bk/283/
본편 — 무직전생 ~이세계에 가서 진심으로 해보겠습니다~ / 최종장 · 완결 편,간화,「아스라 왕국 인물록 『루데우스 그레이라트』」,2015/04/03 21:00,https://ncode.syosetu.com/n9669bk/284/
본편 — 무직전생 ~이세계에 가서 진심으로 해보겠습니다~ / 최종장 · 완결 편,최종화,「사후의 세계」,2015/04/03 22:00,https://ncode.syosetu.com/n9669bk/285/
본편 — 무직전생 ~이세계에 가서 진심으로 해보겠습니다~ / 최종장 · 완결 편,에필로그,「프롤로그 제로」,2015/04/03 23:00,https://ncode.syosetu.com/n9669bk/286/
외전 — 무직전생 사족편(蛇足編) / 노른의 웨딩(ウェディング・オブ・ノルン),1,「노른의 시집가기 · 전반」,2015/05/19 19:00,https://ncode.syosetu.com/n4251cr/1/
외전 — 무직전생 사족편(蛇足編) / 노른의 웨딩(ウェディング・オブ・ノルン),2,「노른의 시집가기 · 중편」,2015/05/20 19:00,https://ncode.syosetu.com/n4251cr/2/
외전 — 무직전생 사족편(蛇足編) / 노른의 웨딩(ウェディング・オブ・ノルン),3,「노른의 시집가기 · 후편」,2015/05/22 19:00,https://ncode.syosetu.com/n4251cr/3/
외전 — 무직전생 사족편(蛇足編) / 루시와 아빠(ルーシーとパパ),4,「루시의 입학 첫날 · 전반」,2015/06/24 19:00,https://ncode.syosetu.com/n4251cr/4/
외전 — 무직전생 사족편(蛇足編) / 루시와 아빠(ルーシーとパパ),5,「루시의 입학 첫날 · 후편」,2015/06/25 19:00,https://ncode.syosetu.com/n4251cr/5/
외전 — 무직전생 사족편(蛇足編) / 루시와 아빠(ルーシーとパパ),6,「루시의 가족」,2015/06/26 19:00,https://ncode.syosetu.com/n4251cr/6/
외전 — 무직전생 사족편(蛇足編) / 아스라 7기사 이야기(アスラ七騎士物語),7,「혼혼의 이조르테 · 전반」,2015/08/01 19:00,https://ncode.syosetu.com/n4251cr/7/
외전 — 무직전생 사족편(蛇足編) / 아스라 7기사 이야기(アスラ七騎士物語),8,「문지기 도가가 · 전반」,2015/08/02 19:00,https://ncode.syosetu.com/n4251cr/8/
외전 — 무직전생 사족편(蛇足編) / 아스라 7기사 이야기(アスラ七騎士物語),9,「이조르테와 도가가 · 후편」,2015/08/03 19:00,https://ncode.syosetu.com/n4251cr/9/
외전 — 무직전생 사족편(蛇足編) / 오토마타를 만들자!(オートマタを作ろう！),10,「인형이 걷기 시작한 날 · 전반」,2015/09/16 19:00,https://ncode.syosetu.com/n4251cr/10/
외전 — 무직전생 사족편(蛇足編) / 오토마타를 만들자!(オートマタを作ろう！),11,「인형이 걷기 시작한 날 · 중편」,2015/09/17 19:00,https://ncode.syosetu.com/n4251cr/11/
외전 — 무직전생 사족편(蛇足編) / 오토마타를 만들자!(オートマタを作ろう！),12,「인형이 걷기 시작한 날 · 후편」,2015/09/18 19:00,https://ncode.syosetu.com/n4251cr/12/
외전 — 무직전생 사족편(蛇足編) / 오토마타를 만들자!(オートマタを作ろう！),13,「사무실에서의 하루」,2015/09/19 19:00,https://ncode.syosetu.com/n4251cr/13/
외전 — 무직전생 사족편(蛇足編) / 미리스 여행기(ミリス旅行記),14,「라트레이아 가문으로의 인사를」,2015/11/01 19:00,https://ncode.syosetu.com/n4251cr/14/
외전 — 무직전생 사족편(蛇足編) / 미리스 여행기(ミリス旅行記),15,「알스의 미리스 관광」,2015/11/02 19:00,https://ncode.syosetu.com/n4251cr/15/
외전 — 무직전생 사족편(蛇足編) / 미리스 여행기(ミリス旅行記),16,「록시와 사명」,2015/11/03 19:00,https://ncode.syosetu.com/n4251cr/16/
외전 — 무직전생 사족편(蛇足編) / 미리스 여행기(ミリス旅行記),17,「그리고 성검가도로」,2015/11/04 19:00,https://ncode.syosetu.com/n4251cr/17/
외전 — 무직전생 사족편(蛇足編) / 미리스 여행기(ミリス旅行記),18,「온천」,2015/11/05 19:00,https://ncode.syosetu.com/n4251cr/18/
외전 — 무직전생 사족편(蛇足編) / 미리스 여행기(ミリス旅行記),19,「엄격한 대봉의 탈핸드」,2015/11/06 19:00,https://ncode.syosetu.com/n4251cr/19/
외전 — 무직전생 사족편(蛇足編) / 검의 성지에 사는 신(剣の聖地に住まう神),20,「검신 지노 블리츠」,2015/12/07 19:00,https://ncode.syosetu.com/n4251cr/20/
외전 — 무직전생 사족편(蛇足編) / 검의 성지에 사는 신(剣の聖地に住まう神),21,「당좌의 방에서」,2015/12/08 19:00,https://ncode.syosetu.com/n4251cr/21/
외전 — 무직전생 사족편(蛇足編) / 검의 성지에 사는 신(剣の聖地に住まう神),22,「니나 블리츠」,2015/12/09 19:00,https://ncode.syosetu.com/n4251cr/22/
외전 — 무직전생 사족편(蛇足編) / 나나호시의グルメ(나나호시의 맛집),23,「주먹밥(볶음)」,2016/03/01 19:00,https://ncode.syosetu.com/n4251cr/23/
외전 — 무직전생 사족편(蛇足編) / 나나호시의グルメ(나나호시의 맛집),24,「된장 조림 우동」,2016/03/02 19:00,https://ncode.syosetu.com/n4251cr/24/
외전 — 무직전생 사족편(蛇足編) / 나나호시의グルメ(나나호시의 맛집),25,「샌드위치」,2016/03/03 19:00,https://ncode.syosetu.com/n4251cr/25/
외전 — 무직전생 사족편(蛇足編) / 나나호시의グルメ(나나호시의 맛집),26,「타코야키」,2016/03/04 19:00,https://ncode.syosetu.com/n4251cr/26/
외전 — 무직전생 사족편(蛇足編) / 마지막 보금자리(最後の巣立ち),27,「아스라 왕립학교 졸업식」,2017/09/04 19:00,https://ncode.syosetu.com/n4251cr/27/
외전 — 무직전생 사족편(蛇足編) / 마지막 보금자리(最後の巣立ち),28,「3년과 성과」,2017/09/05 19:00,https://ncode.syosetu.com/n4251cr/28/
외전 — 무직전생 사족편(蛇足編) / 마지막 보금자리(最後の巣立ち),29,「말로」,2017/09/06 19:00,https://ncode.syosetu.com/n4251cr/29/
외전 — 무직전생 사족편(蛇足編) / 마지막 보금자리(最後の巣立ち),30,「진로」,2017/09/07 19:00,https://ncode.syosetu.com/n4251cr/30/
외전 — 무직전생 사족편(蛇足編) / 마지막 보금자리(最後の巣立ち),31,「자녀 독립의 시기」,2017/09/08 19:00,https://ncode.syosetu.com/n4251cr/31/
외전 — 무직전생 사족편(蛇足編) / 마지막 보금자리(最後の巣立ち),32,「마지막 보금자리」,2017/09/09 19:00,https://ncode.syosetu.com/n4251cr/32/
